text,frequency
social highlight star hs awards,2
newyork  1 ny truth travel positivevibes inspirationalquotes motivation iphone goals money dream happy,2
newyork newjersey pa philadelphia nyc ny apple travel amazing iphone pennsylvania pa christmas amazing city beauty nj travel scenes,1
scotland podcast,1
deal discounts s officer deals  sports fitbit  mondaythoughts racingtips i phone  samsung galaxy s 6 lg nexus,1
lex g astronaut  bbq pulledchicken  mac and cheese,1
yolo,1
newyork newjersey pa philadelphia nyc ny apple travel amazing iphone pennsylvania pa christmas amazing city beauty nj,1
super bloom  superbloom iphone  shot on iphone   iphoneography,1
food porn,1
indy car  indy car classic,1
i phone,8
survey  apple,1
relentless pursuit  horns up,2
apple,19
sunday  sundayfunday blog canon music positive love iphone losangeles california van vanlife volkswagen vanagon adventure plantbased,1
heartbeat np  digital vein,1
real estate  realtor  realtors  realty  realtor life  telluride  christie s international real estate   photo of the day  iphone  open space,1
giveaway  w in,33
a vin the am,1
 2  indy lights cota,1
eatto your meter,1
hip hop  ipod  masterpieces  dj premier she  said  shesaid heartbreak  relationships  mixtape heart  heartbroken,1
iphone  apple,2
letsgopens,1
march madness  best life,1
shot oni phone shotonlemuro,1
mc delivery sweepstakes,19
vermont weather  snowstorm  theweatherchannel  new england  new england weather i phone  winter storm warning  8 inchesofsnow  thirddayofspring  dontliketheweatherwait 5 mins,1
zshq,2
add to cart texaslove  gift ideas,1
steven spielberg spielberg,1
newyork newjersey pa philadelphia nyc ny apple travel amazing iphone pennsylvania pa christmas amazing city beauty nj travel,1
lets go pens,1
apple card,2
childhood,1
apple tv  movie bears,1
retailpromotions realtimeoffer targetmarketing smsmarketing retailmarketing smscoupons  mobile marketing  mobile ecoupons,1
new profile pic,2
ironic,1
dinner special  holycityeats  charleston eats chseats  charleston food  chsfood chsfoodie  eater chs,1
apple event  applenewsplus appletvplus  apple arcade  apple card poll,1
apple  samsung,1
i phone applenews  apple event  apple card,1
apple event  apple tv plus,1
apple event,51
apple event 2019  apple event iphone emoji animoji babyshark shark animals funny video bored  monday morning mondaythoughts music i phone xs max apple,1
apple tv plus,1
oprah  michael jackson  facts dont lie people do mj innocent  apple,1
samsung pay,2
apple event  ophrah  apple,1
apple products innovating accessible  disability confidence disabilityinclusion accessibility sd gs inclusion,1
air power  apple event,1
apple  apple tv  apple event,1
applecard  apple news appletvplus  apple event,1
apple arcade,3
apple event  samsung pay nocard,1
magazine s  content,1
nintendo switch  apple event,1
design technology  apple  apple event,1
dealer,1
monday mood tired,1
apple news,2
apple event relevant,1
 1,16
apple news  apple event,1
apple event poll  apple,1
team apple music,7
androiduser,1
apple event  apple  poll,1
 4 th and 1  chiefs,7
the kitchen,1
mondayshoutout,5
rock  mountains  red rock canyon  indie new spring  las vegas  radio stream  spotify   apple,1
newyork newjersey pa philadelphia nyc ny apple travel amazing iphone pennsylvania pa christmas amazing city,2
tell mi story  discover michigan  pure michigan,1
whole lotta lovin,1
iphone i phone se 2 i phone 6 s i phone xr iphone x i phone xs i phone xs max iphone 8 i phone 7 case i phone 7 plus iphone 6 samsung oppof 11 pro popsocket popsockets oppo,1
opinion,1
altfolk  banana republic trump potus  music video  nashville  country  country music  americana  trump russia  treason  art  resign trump  breaking maga  benedict donald,1
snakes  2019,1
apple monday  march 25,1
first world problem,1
homecoming,2
awesome pies,1
run chat,1
testimonial tuesday,1
trading spaces,1
second rate tech,1
real ones remix,1
mac ducks dailydoseofduckies whitepekin mallard campbell myducks crazyducklady  43 acresoffeathers,1
i phone xs otterbox,1
xyo every where i go,1
veteran patriot,1
boston tomorrow seeyouthere,1
girl power  women power womenleaders  apple event,1
iphone  shotoniphone hdr  anza borrego,1
please,1
i phone i phone xs i phone xs max,1
sweet talk,2
etowah meadery  mead gawinehwy2019,1
alka tone keto  alka tone keto reviews  alka tone keto shark tank  alka tone keto review,1
cider,1
apple tv,1
apple credit card  apple pay  apple card  appinventiv,1
blowin up,6
i os 122  apple news,1
digital wallet  topofwallet  apple card,1
apple pay  apple card,1
applejuice  kashton  amenhotep,1
jeremy cortèz,1
granbyranch ski school,1
that was harsh,1
apple watch  applewatchseries3,1
goals,1
denver twitter  denver global  ce ce love,1
hells yes  apple  apple tv  applecard  apple news,1
go ma ccards,2
monday mood np,1
horror   spoiler alert  moviereview  podcast,1
applecard,1
crypto,1
apple event  apple tv plus  apple credit card,1
collaborate day,2
blono  wefixit ipadrepair  get back to normal,1
blono we fix it,2
fun  podcast nba  host  wednesday prostyle at ltraffic  hawks  trae young  zion  braves gm atl  all hail atl atlutd  sports biz marta ga,1
please  outlook ios  watch,1
am writing  power outage  losing daylight soon writingcommmunity,1
comfort food  eat foodie  munchies  eatlocal  lancaster pa  gastropub yum,1
iphone  iphone5 iphone5s  iphone 5c iphone4  iphone 4s sweden telenor  premium,1
writers community,1
iphone  iphone6  iphone 6plus iphone6s  iphone 6splus iphone7 ipj one 7plus iphonese  sweden  hutchison usa  new york city,1
usa i phone,1
international whiskey day  experience eagle creek  private country club  whiskey lovers  after golf beverage,1
ios ios 12,1
pr,1
apple credit card,1
yosemite  sierramac  tuolumne river   merced river,1
wefixit blono  get back to normal  iphonerepair  customer service   love handles,1
art cartoon  animation,1
pride usc,1
maga,1
podcast  magick adventure  flying,1
podcast  magick  adventure,1
photography  photo farm,1
i phone airtraffic aviation planespotting,1
comfort food a movie or tv show,1
super maket,1
the finer things,1
funniness  laugh smile  amusing,1
donald duck  donalds daisyduck  disney pluto pluto plu to the dog,1
follow for followback,1
highproteinlowcarb healthierme healthyeating pokagonstrong pokagonhealthy backatit  team allie,1
ft wrobotics,1
sisterresister aca enuf,1
5th grade social studies   hands on learning,1
usa best _ windowsanddoors urbanphotography urban _ shots pocket _ colors urban _ photography iphone iphoneph iphonephoto the _ best _ windowsdoors colorpocket,1
new music alert  ohio  columbus hiphop  fullclipent  bayarea  oakland  california,1
clevelandindians grilling grillporn igchef chefsofinstagram privatecheflife privatedinner privatechef,1
tea,5
newyork  1 ny truth travel positivevibes inspirationalquotes motivation iphone goals money dream,1
volunteer  volunteer fayetteville,2
family time  idaho,1
highly inappropriate,1
juice  bio sil  texas weather  healthy skin,1
paper,1
chris cornell,1
accuracy matters,1
tbt,4
chamba na champaign uiuc u of i,1
too much love is not enough,1
samsung note note 9 apple applewho  flyshitonly activeshooter rise universe,1
furry tails,5
prideof sarenrae,1
cactus  garden gardening  succulents,1
ouch,1
ipad pro problems,1
mac,6
mce,1
find myi phone i phone,1
yummy  foodtruck  disney springs  livinthedream  wish you were here,1
witches  evil,1
spring nationals,2
aftw cedar key  beer menus,1
android,1
 3,3
mac plates redwings,1
nhra  gator nats,1
snakes,2
friday feeling,1
homemade pasta   macoroni and cheese  sauciest  foodie,1
apple  air power i phone  apple watch  airpods i pad,1
apple  air power,1
xyo revolution  apple,1
air pods 2  air power  apple,1
fuel the flame  community  leadership  dj life,1
worththewait,1
burger of the week  the specials,1
sorry apple,1
triangular scrimmage  spring ball,1
avengers endgame  avengers  thanos  marvel,1
stand with adam schiff  release the full mueller report  me too,1
hmg,3
ccps family,1
hang time podcast,2
based on a true story ep,1
ootd nyc  new york fashionblogger uoonyou fashionblog pinterestaesthetic saintlaurent cutestyle chicstyle fashion outfit professionalpictures,1
lost at sea,1
wearable   wearable tech ology smartjewelry  smart jewellery  style design  necklace,1
workmode subject  california,1
promises made promises kept  keep america great,2
keep america great  promises made promises kept,1
france,1
u buds,1
which consumerchoice  fairphone  apple  huawei security,1
chef ricks,1
mask off,1
womenwrite candy prompt  piku poetry  piku 314  piku verse  beat poetry tinypoem  8 syllables  vo mo po  binkstuff  just delmarvalous shahai 314 haiku haiga senryu shahai poetrycommunity wordplay mpy  corvair,1
new music  new music alert  song of the day np  now playing rt  retweet  listen to this  new song  indie music indieartist  unsigned  unsigned artist  independent music  independent artist  rap,1
new music  new music alert  song of the day np  now playing rt  retweet  listen to this  new song  indie music indieartist  unsigned  unsigned artist  independent music  independent artist,1
three rivers mfg  trmneutron mticoon  knife  knives knifenut  knife life  knifefanatics  knife pics,1
vacation life   living it up,1
all day,1
feelsbadman,1
starbucks  spolied  grandkids,1
fuck you colitis,1
int gtc  cal 8 h,1
haunted af,1
why so slow  phd life,1
lie  they lie they cheat they steal  the real elitists  takers  trump stank,1
1s,1
newyork newjersey pa philadelphia nyc ny apple,1
texas take podcast txlege,1
xyo network,1
bearclawimages  wells  ely  nevada wellsnevada elynevada scenery outdoors iphone landscape,1
raplete  jaguars as jax,1
proud  1 heart 1 beat,1
air power,2
apple gafa,1
spsea 19,1
ethics,1
bear claw images  nevada wells  horses  wildhorses photo  photographer   photography  iphone scenery  landscape,1
paws time  golden apple collier,1
in,1
help  love him,1
tiles hop  playing  free  music  game  awesome  fun  trending  trend  amanotes,18
podcasts   fintech,1
macandcheese makeawish  naples swfl  food idea group,1
mc,1
war eagle  march madness,1
war eagle,1
family farm orchard  farmorchard  fruit pruning,1
feer the game,1
science kids  afterschool works stem stemgirls  sunday morning educator,1
philadelphia  steel furnace letter  creepy,1
mc delivery sweepstakes  uber eats,1
apple news  apple  news plus,1
flower and garden festival  osmomobile2 epcot  flower and garden festival 2019  blooms,1
softshell crab,1
sunday thoughts,1
call filter  iam vz  verizon werpacific  firston 5 g block spam,1
chroniclesof jon david  jon david  im yours  pocket city music  moreto come  album coming soon  stay tuned,1
fickle,1
airpods,1
hilarity  giggle grin  humorous,1
personal space whats that   unicorn dreams wholistic touch  i work on everything with a heartbeat,1
go get that shit  aint waiting on nobody independent  dreams save lives regularly  follow yours new music dslr apple spotify facebook,1
make a wish foundation,1
new profile pic you  new single,1
utah  utahgram utahisrad  utah photographer  igutah visitutah  iphone x  apple,1
go trans am  atlanta,1
ky go digital  we are crawford,1
sd reader iphonexsmax photographer worsednightmare tired spendingmoney,1
liveme cap,3
family or fiance,1
draw,1
chroniclesof jon david  jon david  im yours  pocket city music,1
keynote app animatedgif  everyone can create,1
boldand beautiful,1
music trivia,1
wemta19,1
ytm,1
upper st clair voters vote,1
in a simulated universe noone can hear you slurp,1
atlanta  catering mixnfixns  heavy chefn  private chef,2
apple  steve jobs  steve wozniak  ronald wayne,1
justice for kolade,1
i teach k  i love my job,1
go braves,1
mrs macs cares  tow pros green  clean water,1
summer 2019  fall 2019  advisingweek  student success  boldly nova,1
in your corner podcast,1
what cantor s do,1
get closer  monday motivation  music monday,1
software space iphone google  emerging technologies  digital  megatrends ai  developers,1
tech podcast  conscious capitalism,1
podcast  happiness  mental health   awesome,1
zero suicide mentalhealth,1
smule,1
power of waks  great pyrenees puppy   great pyrenees mix  sonsdog dog adopt  rescue  nap,1
podcast,2
april fools  apple,1
hb 613 hb 631 sb 265 sr 436 gapol,1
lip love r lip  lip injections  lipstick  lipstick  lipfillers  matte lipstick  matteme mac  makeup ideas,1
scvrr i am amu se,1
moab rocks stage race,1
vegas born,1
usasa nationals cousasa usasa,1
g 1 super card roh ringofhonor nxt,1
will iemacs keenenh  monadnock region  pubfood keene music scene  pubfare 603  bingo night,1
creepy joe biden,1
taco tuesday,1
cake bus,1
dating   podcast,1
tpgolf,1
lithium  cormark,1
tasty  stirfry latelunch  healthy eating   diabetes friendly,1
gh 56,1
makeupaddict  hashme app beautiful style girl beautyblogger instagood makeuplover wedding makeupjunkie cosmetics mac lipstick motd pretty picoftheday lips,1
twitterless dave,1
yosemite  elcapitan  goldendoodle,1
kings shops hawaii,1
oliver heldens  ultra  ultra miami,1
discipline  sacrifice  cleanse  kale strawberry  flaxseed  apple celery  carrots,1
press play  sexy sexappel  sex sells  legs shirt  sponsored  hair reviews  extensions  sewin inches  iphone  boomerang beauty  beautiful  fentybeauty mac  urban decay,1
team spotify,1
spaced out,2
maine for mac studio fix  maine mendoza,1
home run on wheels,1
juice   juice feast,1
apple news plus,1
things k says,1
more than just a pizza shop   best pizza shop in town  mexicony,1
makeitmonday evernotecommunity forevernote paperlessmovement edwe _ movement  cooking,1
apple problemsolving,1
heavy filter  punk rock diy  iphone,1
sunset  wallpapers iphone  android  free follow like  download  night sky palms upr m background  passion  yellow black  blue,1
hq trivia,1
wallpapers iphone  apple  not april fools free rain  8 ball pool beach creations instagram twitter hd,1
apple thestruggleisreal,1
ne rules,2
so not healthy eating,1
pachanza alan photography  aviation airport  international airport   aviation love rs kden den  denver airport,1
 1  2  3,1
love is love   i m not crying youre crying,1
google serach  bing  apple,1
mac and cheese  wednesday specials  eat foodie munchies  bon appetit  gastropub eatlocal  lancaster pa,1
apple   windows,1
shirtless guys  shirtlessmen gay  gay pride  gayman instagay gay instagram   guys with piercings  gayswithpiercings  iphone,1
renew speechless  speechless,1
larry mac,1
khs life 101,1
samsung galaxy  samsung  iphone  plus samsungs  smartphone  android galaxys s  samsung galaxy s phone mobile oppo  photography  xiaomi  apple,1
codywaynehometeam  cody wayne  bad influence smalltown countrymusic,1
vet tv  veterans  apple tv gwot  humor  america csva,1
iphone xr  iphone,1
beer menus,2
golden apple award,1
apple the cube  women in tech,1
new music   new single  rocknroll poison  hair metal,1
west palm  lakeworth miami  delray beach   west palm,1
florida  wednesday wisdom,1
wrestling   wednesday,1
cry,1
tech technology techwear technologies wearabletech smartjewelry apple ios  android,1
boomerang on bet mnio,1
rhobh,2
splitting up together,1
madison mayor,1
yahoo mail,1
sanibel family i phone,1
weak  lets go,1
millennial talk,1
music  playlist  apple music  spring spring2019  happy spring   music lover  hairsalon nj  princeton  belecosalon  japanese hair salon  プリンストン アメリカ生活 日本人美容 師,1
happy heart,1
maine ma cevent soldout,1
jr nation,1
happy customer,1
vegan mac and cheese  vegansofig,2
candy,1
rip nipsey hussle   victory lap  allmoneyin  long live nipsey,1
ga milestones  21 savage j cole a lot  test  east atlanta teacher  east atlanta  ronald mc nair soar  teacher of the year,1
sf giants,1
credit cards   debit cards,1
ade 2019,1
wallpapers  website iphonexr  iphone xsmax photography  graphic design  colors red white  blue  black yellow coral  hd wallpapers   apple,1
trump is a liar  trump is a disgrace,1
 5 g,1
upmc,2
athdecor vegan  candles  candlemaking etsy  teacher appreciation  teacher apple  apple decor  teachersday  teacher gifts,1
mac  makeup art cosmetics makeup artists,1
polyshbeatz  polyshproductionsllc  hiphop rapper producer  cleveland,1
inquiry success  wemay do this more often   critical thinking,1
thursday motivation artists,1
global lithium podcast  carlos vicens,1
badtech  apple,1
i phone  apple  siri,1
take out   five guys,1
mickey mouse  mickeyart justgeod  illustration  poptarts popart  pop art style  abstractart  support your local artist  artist  ipad pro  apple disney art  collage  proud dad,1
inside out,1
exhausted,1
thats how its done  la joya tech rocks ljtec hi 3,1
mac disneysprings  walt disney world  wdw disneyworld  food  foodie foodtruck  husbands,1
solar panel 5plus charged  figueroa mountain  sundial  optimize,1
vegas 4 wide nats  great to work with  nitro bound,2
vegas 4 wide nats,1
stl cards  timeto fly,1
ghostbusters  sony gb 2020 gb 20,1
blono wefixit  get back to normal   iphone repair,1
d animal planet radio   podcast,1
aam ft podcast,1
apple music  make it count scarfodaplug greenevision sony,1
ootd,1
bluegloveapproved pt 4 hmobile phonetech 4 hire  we fix androids  we fixi phones  we fixi pads,6
game of thrones,5
mini skirt   podcast,1
afrobeats  africa ghana  naija twitter savages   haitian twitter,1
lithium  global lithium podcast lg,1
long live lime,1
berkshirestrong,1
tough mama,1
i phone  mac lover  new york uspost firdayfeeling discountcode cashbackdeals appleoffers,1
waste,1
puzzle page  appy nation  apple,1
free spirit,1
wshh nbayoungboy saycheese djakademiks boosie birmingham atlanta blacyoungsta trippieredd  6 ix 9 ine cmg  kodak black yogotti yg moneybaggyo liluzivert youtube soundcloud soundcloudrapper lilpump kodak,1
wont risk it,1
you ve been warned,1
the queen cookie  onikas worker,1
happy  apple lover,1
ballers,1
augmented reality,1
share  97 promo lilzeddy passionate music hiphop rap viral single,1
megs dick,1
gameof thones apple,1
cant wait for go t,1
saturday,1
never lost,1
iphone   iphone photography,1
 1  moto america  road atlanta,1
fiji  pretty lady scvrr,1
gatlinburg,1
nascar xfinity series  alsco 300,1
wealth weeatgoodoverhereeveryday healthiswealth mobties ongod,1
6th day creatures  bigmacthetortoise  animal adventure parties   let us bring the zoo to you,1
final four,2
dogs  pets,1
wrestlemania,1
minimalist i pad sleeve storage classic faith cross  god  wisdom  church  bible  jesus  tablet  gifts,1
lithium  global lithium podcast,1
mayo clinic,1
ybcent ybcent mississippi,1
iphone owner,1
boycott oprah,3
i heart radio  now playing,1
family ties,1
forgottenwoman forgottenman  promises made promises kept  keep america great,1
tennis   podcast,1
shs_ time keeper,1
stafford virginia  va nail tech  dmvnails lms designs nails,1
mac gyver,1
naples csd,1
shot on iphone  apple  iphone  pets dogs puppies  cute  model photograghy  photographer,1
fair trade,1
 4 oc fpln,1
drag race,1
wrestle mania,1
indy car  honda gp,1
yankees  railriders,1
great to work with  nitro bound,1
nhra  four wide nationals,1
 2  moto america  road atlanta,1
nascar nascar cup  food city 500,1
boycott all things oprah,2
free  freegiveaway  free iphone xs max giveaway  freeiphonex2018  iphone xr giveaway  iphonexgiveaways us a,2
cats fatcat weirdo goofball notnormal  apple i pad catownerproblems obsessed  carter flynn,1
downtempo,1
in the usa,1
rt summer  zillow swva  virginia,1
emoji,1
teriah yr  messa,1
impact  brainscope,2
truth,1
welcome to alabama,1
hatm  seven percent and falling,1
mom,1
live pd  live pd nation  live pd watch party  shep happens  lor smackdown,1
rick,1
braves  chop on,5
t xwx,1
wrestlemania 35,2
sunset iphone iphonephotography  god is good,1
same name life story   prettier not funnier,1
tmc  trunk music clique  hot sex,1
phil adoptables  macsfund golf  philly rescue,1
timeto fly stl cards,1
blono wefixit  ipad repair,1
apple music  apple  music,1
idleg idpol  veto all 4  revenge on voters,1
lip  lip injections  lipstick  lipstick  lipfillers  matte lipstick  matteme mac  makeup ideas   make up life,1
promises made promises kept forgottenwoman forgottenman,6
katy humberty,1
team associated rc offroad beat not babied  reedy bashing 4s,1
hu bisons go bisons,1
i fix it  righttorepair lib feet,1
8 911 education month,1
get involved,2
artist,1
ccspride our pt arocks laceypop,1
when johnnymacs sporting goods store close out sale new hockey gear supreme boom loveit icehockey,1
monday fail,1
angel investor  startupgrind  innovation   wearable art,1
power bank  onlinetech  power banks,1
california i phone nofilter car window passingby,1
the upside,1
mcdelivery sweepstakes,1
steve jobs  crazy ones vision dream ambitions  human race  rebels change  think different,1
falls count anywhere  wrestle mania,1
flipgrid fever  student voice is magic,1
grateful,2
rhyme in peace,1
q source  leadership,1
will iemacs keenenh  monadnock region  pubfood keene music scene  pubfare 603 peep cocktail,1
b 2 b pdf  we 1,1
nab 2019,1
khou 11 h town rush,1
i pad,2
will iemacs keenenh  monadnock region  pubfood keene music scene  pubfare 603  burger fun,1
chop on,2
betsy devos  trump,1
california desert  halloween easter familyfun horror,1
i am nutrishop austin  cederpark  veteran owned  tribe,1
actually autistic,1
vote nmutd  somos unidos,1
cloud 9 jhay  cloud 9 jhay  hood hippie  team waveeey records one  hip hop  rap  dat piff apple  soundcloud spotify  tidal  you tube,1
small farm  kids frog,1
day dream,1
makeithappen earnit raisethebar s uposse  cowboy up  compete,1
boom,1
ncaa championship,1
among the pines,1
go scots,1
sprint nothappywithsprint mobile smartphones iphones ipad,1
music musictherapy cdrc,1
the,1
repost vegansofig veganlifestyle whatvegansdrink boutiquebrewery independantbrewery,1
angry orchard,1
national siblings day,1
lit,1
kiddeazy,1
lucid empathy podcast  adventures in wrestling  wrestlemania,1
will iemacs keenenh  monadnock region  pubfood keene music scene  pubfare 603  wing wednesday,1
wassail wednesday,1
pic,1
because i can t take anti,1
low carb,1
stubborn film student,1
black hole day,1
help win  special election,1
south dakota grocery doinitright applerush drink sparklingjuice,1
home run on wheels mlb  mi lb,1
uwgcr seize the way,1
it aint no sin to be glad you re alive  racetraccoffee  racetrac coffee is better than starbucks,1
man in the mirror,1
connecticut  special election progressives,1
itunes  applemusic  apple music playlist   rockandroll  rockmusic  rockandroll life  indieartist  recording artist  7th order,1
iphone xsmax  birthday boy  ios iphone  apple is for life   iphone for life,1
security  apple i pad toddler grit password i os hardware brute cyberattacks  twitter screentime,1
 2019 first  pizza bacon glutenfreeaf iliketoeat craycrayvaycay,1
instant pot  solarpowered  boondock in g lakelife  telephone cove lakemohave  filling our bucket,1
i m still dying,1
treechat gardenchat  growing north,1
blono wefixit  get back to normal,2
lyrics  song  sound of music  stickers mylife  music  discus shotput  hammer  javelin apple  macbook,1
recipe of the day foodie bread homemade,1
shotoni phone,1
softies 2019,1
astroworld festival,1
sprint  cellular apple  samsung   iphone,1
clc offseason,1
get closer downloadit brookealford classysassysmooth moanaarmy tb thursday,1
vdot,1
nfc i os 13 digitalidentity,1
thursday thoughts  thursday motivation,1
graphic designer mac help poll  small businesses  entrepreneur,1
graphic designers artistsupport question help mac  small business majorpurchase imac,1
mac upgrade  graphic designer investment  small business,1
vero beach florida farm fruit produce citrus kids doinitright applerush sparklingjuice tastetherush,1
well deserved  we are asd,1
jeep  jeep cherokee  trailhawk  granite crystal metallic  jeeplife jeeplove  apple  iphone iphonexsmax  no filter needed,1
insultingwords standupfor t npublicschools,1
 12  18  43  9  10,1
team android,2
the masters ku fball,1
love  inspiration  content creator   apple,1
google maps,1
define your music taste in 7 bands,1
nb walkit out,1
mac and cheese,1
my twenties in 5 words or less,1
the boathouse orlando orlandoflorida holiday disney disneysprings waltdisneyworld family familyholiday theboathouseorlando,1
yum homemade  apple crisp,1
mapofsoulpersona bts persona btslockscreen btswallpaper army love,1
genius bar,1
i am a laker  regattadogs  rowing,1
forever a jeffree star fan,1
bernie mac  2019 ambassador  seniordogs beagle b eagle bro,1
date night clt,1
laptop   apple,1
rhod  1,1
mac miller rip macmillerfans pittsburgh portrait art albums collage,1
donate life,1
deadtome,1
pro tip,1
ad  beech nut partner  real food for babies socialspotters,1
portrait mode   iphone,1
michael haim,7
gamely,1
michael haim  bonnie haim,2
bonnie haim,1
that s a lot of nines,1
go gators  mini food trailer  gainesville  cilantro tacos  cilantro tacos gville  cilantro dtgnv  cilantro tacos dtgnv  4 th ave food park,1
wrestlemania wrestling  wrestling community nxt take over,1
vsco filter  vsco vscoedit sky  weather  kentucky keeneland  iphone photo  iphone clouds  thunderstorms   lovely weather,1
big goals   dream big,1
mosaic,1
persona welcome party,1
wake up for reliability,1
alexa,2
drink,1
don t like my face   we are children,1
gumbo groove  the cookout  vibe responsibly,1
gh,3
airboat florida  everglades  nature today  apple  snail shore cool  family time  holiday gopro,1
weekend wanderlust,1
united travel,1
betty homemaker   felt like cooking  nomnomnom  lunch tomorrow too,1
airplay,1
 1  moto america cota,1
fruit trees  notquiteahomestead  get to know a homesteader   homestead life  gardening_life  urban homestead  urbangarden  urban orchard  nectarine  apple,1
black hole,1
asparagus salmon  coachella,1
prop 8  new  episode  podcast  history  same sex marriage  civil rights  oral arguments,1
huntersville nc realestate,2
kingofthecourt sh sclassof 87 nova,1
wwe  wrestle mania  raw after mania raw sd live  kofi mania  burn it down  the man,2
badgers,1
lofi lofibeats lofi instrumental  lofimusic chillhop  chill hop music  chillwave  chill beats   videogame music  hiphop  hiphop beats,2
bucs,2
esports  esportedu,1
 39,4
vegan  veganfoodshare  vegan blogger  healthy food  photo of the day  share  random with vegan  healthyfood  picture  photo nutrition  healthy eating  sweet fruit  plant based  figbar,1
time lapse   photography,1
coachella,2
good   healthy,1
santa cruz mountains  losgatos  apple trees  bud break,1
photo of the day  picoftheday  photographer   photography  art artist  artists on instagram   landscape photography  landscape plant  planet earth   plants of instagram,1
instagram i pad,1
photo of the day  photography  bellingham photographer  farm  horse,1
mca 2019,1
flowers  spring farm apple  photo of the day  bellinghamwa  bellwood acres,1
mugnaini  king arthur flour,1
shot on iphone  iphone7plus apple  iphone  pnw,1
music newmusic  rock indiebands  indie applemusic itunesartists  7 thorder,1
newyork  1 ny truth travel positivevibes inspirationalquotes motivation iphone goals,1
 2  moto america cota,1
go trans am  thunderhill,1
moto gp  americas gp,1
great pyrenees   great pyrenees mix  greatpryeneespuppy  labrador retriever   senior pups puppy dog b all,1
arca  ford dealers 200,1
the masters,2
join  stop gerrymandering,1
it companies  microsoft  intuitive ui  apple  elegant ui oem ibm  business machine  google  searchability  amazon  accessibility,1
moto 2  americas gp,1
boy with luv,1
mirth chuckle smile  clever,1
moto 3  americas gp,1
ca life springhassprung newlife resurrection,1
applepie  sundayisforbaking happyhusband,1
iphone   apple,1
converge podcast network,1
bernie mac,1
cats catpee catsupstairs  cats are wild oldcats,1
loorrs  arizona,1
the dirt,1
range burning sunset  kansas,1
nfl draft  chiefs  chiefs  4 th and 1,1
happy birthday  celebrate monday  technology news,1
monday inspo,1
bobble blog   bobble hat  travel ontour  life s an adventure  travelling  exploring the world  newyork  new york city  america bigapple ha t keepwarm teamgyg,1
facebook p cs  facebook down,1
wwe  wrestle mania raw sd live  kofi mania  burn it down  the man,1
drop this on gravy,1
monorail monday,1
shelburne shipyard  gettoboating  new england ah lakelife  lake champlain  shipyard  shipyard life   champ,1
new york sod  netflix apple comcast  disney positivevibes creatives enterstagewrite,1
america  history  full speech  stand with ilhan  big brain pod  podcast  motivational  education  listen 2 learn  know 2 grow  civil rights  civil action,1
maclabbakery  aesthetic,1
iphone   wireless charging  belkin apple  not cracked,1
mj stephen a laugh getsomebodykindacrazy,1
soar 2 success iaaiitc 2019 speakerlife keynote speaker leadershipspeaker safetyspeaker,1
nfl draft  chiefs  4 th and 1,1
mowx kolr10wx,1
hard no upgrade   sweeten the pot,1
jewelry care center  berkeley mall  goldsboro,1
game of thrones  for the throne,1
awesome   battlefield country store  foodiesunite  the big mess y fxbg,1
pe qpe physed,1
bandersnatch,1
bold rock cider  mills river wnc,1
michael lewis,1
acam,1
spring is coming,1
missouri missourihunting turkeyhunting turkey gobblegobble  ozarks outdoorlife,1
dmv hoops  wa wg family dmvelite,1
warm welcome amongthepines,1
apple  best buy i pad mini 5,1
m b w,1
travel,1
coming soon  resturant  bistro,1
 4 th and 1  chiefs nfl draft,1
now playing,1
bright lights big city huge intro,1
fafsa,1
vegans of ig  vegan lifestyle  whatvegansdrink  boutique brewery,1
carolina sky tarriver  greenville  nc grimesland  eastern nc  flashback,2
fox news,1
wherever you play,1
nowplaying,1
my first band,1
shelburne shipyard  gettoboating  new england ah lakelife  lake champlain  shipyardsyndicate  soggy bottom boys,1
just saying  3am thoughts,1
avs,2
hes an on time god  yes he is,1
donate fight  orange mf illegal,1
marvel,1
rtb chat,1
ris hunny pie s,1
edtech chat,1
gatlinburg tennessee   ober gatlinburg,1
by,1
i phone  new mexico,1
first world problems,4
shawn mendes the tour,1
podcast  television  what we do in the shadows  star trek discovery dc universe  twilight zone  the passage,2
shot on iphone  xsmax,1
weekly meals,1
chopped and screwed   houston rapper  houston  keep houston trill music  spotify,1
apple  poshmark,1
ku relays ku bball ku fball,1
ar preps,1
bible  android i phone  kindle  daily inspiration,2
bible,1
business   entrepreneur  investment  success,1
sexy weeklymeals privatecheflife privatechef cleveland columbus puertorico truecooks,1
ed tech after dark,1
shipyard life   shelburne shipyard  gettoboating  new england ah lakelife  suns out guns out,1
no brainer,1
homeschooling   coding,1
teriah,1
nunica traffic,1
wednesdaythoughts investing,1
qualcomm  qualcomm  apple  intel,1
candy  apple red  red hair color   summertime  redhot nobleach no conditioner  nooil  no relaxer,1
republicans reinstate  power grab protect voters donate,1
cbj  mr mac jhm,1
her campus  hpu maclab  her campus hpu macarons pink  pink macarons,1
orbi apple ios 122,1
bless this mess,1
highly inappropriate podcast hip,1
ring the bell  phillies  lucifer on netflix,1
carolina live  philly 2 sc applemusic newmusic music,1
orbi apple ios12,1
vegan  applepie cake  cookies,1
school bus driver fieldtrip  school bus driver chronicles,1
comm320,1
golf day,1
vegas born  stanley cup  go t,1
wwe raw sd live  superstar shake up,5
spring  sailing  overland park ks perryyachtclub  iphone photography,1
trab,1
toffee apple  disneyworld  disney toffee apple   mickey toffee apple,1
holy thursday,1
shot oni phone,1
fml,3
iphone  bestbuyfail  bad business  bbbreport  best buy online,2
jam book,1
muay thai  combat ring sports  boxing  boxing training,1
cannabis  weed weedporn pot w eedporn smokingweed  cannabis culture   cannabis industry   cannabis,1
bad business,1
hurricanes,1
diversity inclusion empower womeninstem womenin hvac womeninengineering vp womeninsales hvac hvacr,1
uber eats i os users  apple pay  app development  appinventiv,1
why cant all cords be the same,1
tgfad,1
thursday thoughts teacher instructor  apple chacha amor madonnaamor  madame x m 14  just sayin,1
podcast  anchor  spotify  apple itunes zane speaks out  z company,1
consider it  please  thistle,1
model hands malemodel commercial print promotions  marketing,1
i pad i phone create  everyone can create,1
hulu,1
iphone  wtfapple wtf,1
gay gayman solo gay instagram  instagay dude  gay dude  bro gaybro  tank top  sweats men man  iphone  iphonex  guys with iphones,1
mac maf  la familia,1
cosmi k debris,1
beer friday  tacomac happyhour  burial brewing,1
roc jailplates,1
comfort food   leftovers,1
apple gotg,1
pasta,1
want  need apple verizon  apple watch   rose gold,1
blo no wefixit,1
indio the guya rican  travel logs aboutlastweek productionlife,1
foodie  hot spot,1
 1 f 4 us  road atlanta,1
cuz i love you  like a girl  soulmate  tempo  juice,1
paid liars,1
personality champ  waterchamp mushy purps,1
dogs of instagram  doggles  i love my dachshund,1
apple store,1
inspiring  happyfriday slo botanical  garden  plants,1
foaming hand soap   mountain soap company   essential oils,1
you decide how much its worth,1
rain  weather update,1
web design,1
failure  academic twitter  eng ed chat  engineering podcast,1
my inner demon said,1
art of visuals  awesomepix big_ shot z colors_of_ day,1
websites  apps iphone  android  ipad,1
mrs  matthew ray shultz  hope  love  reality,1
health fitnessmotivation  apple  doctor awaydays  facts first motivation,1
gafa  data prison  dataism  crypto,1
one teda night,1
yffmf  fucc rap 4 otw,4
pink moon nasa nature moon themoon thepinkmoon fullmoon,1
takestime future hodl xy orevolution,1
spring flowers   amish country getaway,1
growing north,1
mirepoix supper  home cooking,1
travelers  welcometothe 21 st  kat mac forever,1
fight milk  no nerds,1
makin moves,1
morgans of instagram   i love my morgan horse,1
jets  cant wait  jets nation,1
podcast  pdx,1
the ruff riderz,1
pokemon pokemonultrasun,1
the cuban affair  wolf pack  odessa sea  catsof twitter thriller adventure,1
boca raton,1
small towm  29  small town  codywaynehometeam  cody wayne  bad influence smalltown countrymusic trrr  music chart musicianlife,1
durand eastman park  momentgear  moment macro shotonpixel3xl,1
set for the fall,1
galaxy fold  samsung galaxy fold  samsung fold  applei phone fold  apple fold i phone  apple,1
you don t know bout dis life,1
 3 f 4 us  road atlanta,1
music vybe pop  beats  420 blazeit,1
everyonecancreate appleclips  4 oc fpln,1
smokin roadside grill  bbq foodtruck  smoked meats   catering,1
ma ction,1
saturday librarian,1
the more you know,1
nature  apple red,1
im pact upmc,2
orrtanna traffic,1
jane,2
 2 f 4 us  road atlanta,1
nurses dont play cards we eat,1
procreate,1
sights to be seen  outandabput  birthday trip   flying solo,1
earth day 2019,1
explore  louisbproductions  future of zydeco,1
marianne williamson  marianne 2020 savethechildren,1
stay motivated,1
voters  democrats  kentucky elect  secretaries of state  ending voter suppression,1
blessing  love joy,1
wdw disneydaily dailydisney disneyday disney day today count tracker distance video walk numbered iphone,1
lakes woods and irons,1
full moon  bluemoon supermoon  pink moon  iphone grandcanyon  black and white photography,1
just sayin,1
iphone  shotoniphone  earth  pink grandcanyon  sunset,1
neverforgetyourwatch,1
easter sunday,1
newyork newjersey brooklyn nyc ny apple travel amazing iphone  2017 bestnine timeoutnewyork just _ newyork,1
impossiblewhopper  raisin bread  job happy easter 2019,1
aurora  united states zerowaste free,1
lake paisajes  sunset  remo iphone  virginia  beauty sun  saturday  lagos lago  fishing  atardecer  photography,1
easter ctrumpet kanstul ipad apple eastertrumpet stjohnsepiscopalchurch maui upcountry,1
lefties 4 pete  pete for america  pete 2020  chasten 41 stgentleman,1
i phone  trying to organize,1
anthony tse,1
yoga mybuddy  i love my dachshund,1
we will reign  team 20,1
he is risen  happy easter,1
actually autistic  asking autistics,1
audio junkeez  not welcome ftmalekeoney btn recordings  djlife  electronic music  edm,1
sri lanka blast,1
mlp 200,1
420 day,1
truestory i phone,6
comfort food  vegan foodporn  yummy,1
save a lot score,1
appalled,1
acv,1
field net precisionag  saving time and gas,1
earth day 2019 libbyu picks,1
sitw,1
senate  mainers against kavanaugh me sen  susan collins mepolitics,1
poll iphone android realestate pnw,1
apple news   i wanna share things with my friends,1
newyork  1 ny truth travel positivevibes inspirationalquotes motivation iphone goals money dream happy marketing businessideas blessed,1
make a difference  volunteer fayetteville,1
plant blindness,1
mic che xca gx the clicc smg the label  smoklahoma  oklahoma rap  real rap  hip hop  soul  feel good music,1
hangout fest 2019,1
mybeautifulniece  google  pixel 2 xl android iphone ios samsung smartphone apple,1
future   plans,1
golden salvation  jesus piece  the gifted,1
army medicine  army medical department,1
 4 th and 1  chiefs nfl  draft,1
earth day,2
mental monday,1
filmic pro  lumafusion,1
texaco  sir charles,1
the ruff r iderz,1
i phone xs max photography,1
someone  song pay,1
cftvp forks films,1
jeffersonuniversty christiana care  bayhealth  bryn mawr rehab  tower health,1
waterfall  water rocks nature  trail  california spring  long exposure  iphone  hiking,1
nwsl,1
unpopular opinion,1
hlgnlife illegal bse fenni  listen to this  stream  purchase ogilla theuthmusic  apple  spotify  tidal  youtube  soundcloud i tunes,1
sillydog  go t goldenretriever englishcream,1
tx ed tuesday,1
hs live,1
creator pi pokemon  pokemon sun  pokemonmoon  pokemon ultra sun,5
mmt,1
iphone photography  iphone postedit up state photographer   albany rural cemetery  albanyny  upstate ny  spring monuments  phone edits,1
old school  applemafia  apple iphone   video making  atlwood producer  director,1
genesis  adam eve sin  apple,1
overheard,1
mickey mouse  disney disneylife  disney lifestyle  iphonecasemickey  nightmare before christmas  jackskellington  tim burton,1
hundred plus years of tech football,1
cool,1
mine  her hailthequeen  wife y wife marriage  love  mylady beherpeace  be his peace  relax rr kickbacks  chill  chillax iphone  couch  off tv mopargirl mo parian,1
pleaseretweet,1
bookworm amreading  apple and knife,1
ring the bell,1
raw,1
i tunes  spotify  stitcher empower career leadership collaborate womeninscience womeninstem womeninengineering,1
springtime   apple blossom,1
happy earth day  earthday canyon  slot canyon  arizona  landscape  iphone  color,1
stk  not your daddy s steakhouse,1
music  art,1
my logic is not flawed,1
apple brandon  pets in the apple store,1
contest  brazzers porn,1
javacigar javam in t cigarjoe cigarfan  cigar daily  cigarculture  cigar aficionado,1
wdw  disney minded food,1
arizona  usa  shot on iphone,1
wwe raw sd live  wrestling community  podern family  shields final chapter,4
90s alternative  music,1
tweak box fam,2
global azure  machine learning  visual studio,1
chiefs nfl draft nascar,1
ask metro,1
blono why bn customerservice wefixit customerservice recycle,1
tools 4 you,1
soulful ol baby,1
hellboy  hellboy 2019  star trek  star trek discovery  podcast,1
podcast ladder  chicago architecture leadership woc diversity,1
wrestling community  wrestling wednesday  follow train  wet em up,1
bmg show  soulful ol baby  dame  damian lillard  chakra treatments sabadodegloria  1063 atl  all american  colorado  hump day motivation,1
wet em up,1
right to repair,1
 1 i os 13  apple  apple dev i os beta tester i os beta i phone i pad  apple watch,1
crizz crozz  urban elf yohiro 10 shi  follow crizz crozz backformore powerofdrawing illustration elvesdoexist swagic urban draw i pad instadraw by 10 shi,1
brooklyn nets  new york  nets got smashed nba playoffs nba,1
wolverine  procreateapp xmen  avengers endgame,1
podcast  zane speaks out zanecampbell apple itunes spotify anchor businessdevelopment personaldevelopment youcreateyourownstory,1
time  mini minicooper  iphone x apple follow4like  photo of the day  likeforlikes  follow  photography  road trip,1
amazon aws  cloud,1
hvac  podcast sales success inspiration hvacr diversity inclusion leadership,1
equestrian life  barnparentsrock  farm work is never done  farm life,1
fit chick,1
bm es talk,1
vangoghtattoo  highland park  90042  small tattoos  single needle artist  los angeles  colorado,1
big tex scholar,1
 8  like never before,1
 7  like never before,1
 6  like never before,1
 5  like never before,1
 3  like never before,1
born to baseball,1
 2  like never before,1
 1  like never before,1
dodgers,1
gosling s macandstella tides tavern,1
thoughtful thursday  the cannery  visit lindale,1
blono why bn wefixit getbacktonormal apple android,1
sons of star mount  ebook book  amazon,1
lunch  dinner eatlocal  best q you can do  olehickorybbq  macaroni and cheese   homemade sides,1
travel junkie,1
in like flynn,1
philadelphia  be gone bigots bigotry,1
amwriting  writing community  quote chimpion i phone x,1
i pad ed,1
pt pmagic smttt,1
it s what s for breakfast  whatsonyourplate  fattening up the dad,1
bet construct  new york  fantasy sports bos america,1
maddie re an music,1
keepin it 100 wwe aaa nhl,1
chiefs  chiefs kingdom nfl draft,1
office 365  mobile productivity,1
five feline farm  women in business  writer  foodie,1
ced retweet applemusic spotify tidal stream download,1
fruits  rainbow colorful  variety  body needs colors  please  eyes mind  pineapple  banana  apple,1
sex work  fetish dom me,1
bb qis next,1
mistake bigmistake huge nhl  iwillnotuodateinthefuture getyour,1
mini doxies of instagram,1
bigger problem,1
friday fee iing,1
arca  general tire 200,1
utah  utahgram utahisrad  utah photographer  igutah visitutah  daddy daughter  hiking iphonex  apple,1
living my best life,1
graphic designer  illustrator  wallpaper  hdwallpaper apple  iphone  android brushes  strokes  red blue zebra  blackandwhite   creative,1
arbor day,1
arbor day yay  national arbor day,1
game changer,1
nfl draft  go t,1
back pack  big platter va newartist upcomingartist artist obm unsignedartist unsignedrapper bmiofficial,1
live united day  fayetteville ar nw ark t vnews a rnews nw anews  arkansas,1
me needs,1
live united day  give back volunteer nw ark  arkansas,1
multiplier x music sound life love tune in album otw comment 4 comment spotify apple music followforfollowback press play crush followtrain communication,1
plant 19,1
the boss  springsteenfans  it aint no sin to be glad you re alive,1
jay co cohen  dreamwalker podcast anchorpodcast applepodcasts spotifypodcast googlepodcasts,1
foodie  political junkie,1
creativity,1
most dope  mac head,1
red photoshop,1
photographers i phone,1
gators  iced cold beer  barbacoa burrito  go gators  art walk,1
shesa beaut clark  dutch apple cruises  albanys river boat nofilter woodenboat,1
air pods karma,1
will iemacs keenenh  monadnock region  pubfood keene music scene  pubfare 603  gluten free,1
you made a way,1
am reading,1
fletcher  if youre gonna lie,1
the decider,1
amiright,1
share mo edu  122 edchat,1
cape cod  oysters wellfleet  wellfleet oysters  macs seafood,1
kg  spac e  stefan c baby comstockfor secdef muskforpresident,1
avengers endgame,2
sofia rose  bbwsofiarose  sofia the rose sofiarosebbw  live your life uncensored  lavida lavida life box allblack  the life  boss girlboss  confidence  lavida thick  the life you want,1
real facts,1
 2  formula d  formula drift fdxv fdold,1
so punny,1
all the horror  women in horror,1
switch to sprint sizzilingsprintsaturday,1
not so mobile,1
the hard way  play like a huskie,1
 1 gtworldch  virginia,1
 1  formula d  formula drift fdxv fdold,1
chump selects,2
chump selects  apple music  playlist,1
nascar xfinity series  money lion 300,1
z s hq,1
bloom  pink and green,1
global lithium podcast  qinghai  sichuan,1
nap applehill  lakeside  family shenanigans  get outside  familytravel  explore more  explore  sunday funday,1
am writing teachers edu,1
amc movie all star,1
mnio spokenword  poetry month,1
peyton heart project   suicide awareness   suicide prevention  stopsuicide  stop suicide  saturday  saturday vibes   saturday morning   steve jobs  apple crazy  change the world,2
religion,1
am writing,1
gaming laptop  razer  blade pro,1
usopen 2019,1
braves twitter braves  fox sports,1
field notes  fieldnotesbrand us ski team  apple carhartt  analog,1
spin on golf,1
meet you at the top gs calum,1
apple  apples applelover  apple love  fruitoftheday  fruit photography  fruitart fruit  fruits tagram fruity  fruit lovers  fruitporn fruitful  eat fruit not friends,1
soulful ol baby  apple music,1
real estate investor  realtorlife rochmn,1
renew time   rejuvenation time,1
crew life,1
dogsof twitter mastador  dog celebration doglife,1
waterfalls,1
take warning,2
 2019 eybl  in the gym hoops,1
nascar nascar cup geico 500,1
winchester,1
 2 gtworldch  virginia,1
car i phone money,1
chow dumdum she blue herself  hangtime bacon  candied bacon  macandcheese  glow stick card game  friends bffs  saturday  skeletonman  springfield,1
november rain charters,1
epcot dapperday  spring  dapperday2019 60s  lipstick  mac mac disney springs  vintage flowers  flower and garden festival  wdw pink,1
iphone,5
greenfield m adrive thisisntredbud byebyevt sizzle,1
geniuses,1
endgamespoilers  avengers endgame,1
avengers endame,1
beardon pasta,1
beardon pasta thisaintit,1
apple  razr,1
customer service,1
wow 19,1
cannabis community,1
burr pond  water rain nature  photography  connecticut  state parks  torrington  iphone,1
ljtec hi 3,1
your welcome   order,1
t lap,1
weeklymeals privatecheflife privatechef cleveland columbus puertorico truecooks chef  personalchef,1
reelfoot forward,1
joe mclaren drop dat shit fool,1
link in bio,1
carplay,1
monday motivation  monday mood grateful  get closer,1
show gang  apple chill,1
proud alum,1
join us   among the pines,1
its hughezy hello  cathouse  hollywood  guns n roses wcw  foo fighters wwe,1
stock   stock market  apple free  free money,1
power up,1
agedgouda weeklymeals privatecheflife privatechef cleveland columbus,1
gameof thones,1
five feline farm  women in business  writer foodie  garden  beekeeper apple  tree,1
electronics  technology tech  gadgets  iphone  electronic  instatech  insta good  gadget geek techie  engineering  computers device  photo of the day  arduino  innovation  techy  smartphone  nerd apple  computer,1
teacher friends  retired  summertime  apple  professional development   orange is the new you,1
thinkin bout you,6
homemade  diy pintrest  vinegar,1
gameof thrones,1
gamef thrones  battle of winterfell,1
bns,1
gamef thrones,1
linux  ubuntu amd,1
go t,1
app iphone iphonexs max  gia granddaughter mimisgia moon milkyway,1
fish  fishing bass acl s now and open water  brrr limit stcriox rods  lowrance minnkota  abu garcia,1
apple  mac  macbook,1
juice beauty   green apple serum,1
roc evo lving biz podcast  conscious capitalism leadership values culture,1
tongue out tuesday  national adopt a shelter pet day daisyandrosie mutts dogsoftwitter apples dogsarefamily  adopt dont shop,1
roc evo lving biz podcast,1
podcast   offshore drilling  oysters  living shoreline s commute gym  dinner,1
fantasy football  fantasy baseball  go t,1
apple smartearrings tech earrings hearables voice smartphone earbuds earphones  siri  alexa smartspeakers  voice first  earnings report  stock market,1
nf ldraft,1
zimmerman trial,1
iphone x iphone gadgets  screen protector,1
newyork newjersey brooklyn nyc ny apple travel amazing iphone  2017 bestnine timeoutnewyork just _ newyork loves _ nyc amazing city,4
pinkiesup beerfirst  craft beer podcasting hoppedupnetwork,1
ar vr fb 2018  oculus rift s  oculus quest,1
stm,1
air pods workplace,1
plant more trees,1
forgottenwoman,1
thinking while driving,1
wbab  bronze babies,1
voice top 24,1
vegan  foodporn  yummy,1
music hiphop  live performance  next level,1
empower  east penn proud,1
apple  farming  small farm  spring,1
the flexcast nba playoffs,1
it got awkward when,1
gomerlandphoto iphone lakewaubesa  goodland park exercise yoga keepitlocal graphicdesign diseñografico fotografia,1
ecu 19,1
always learning  braves  chop on  braves fam,1
got,2
tracy morgan,1
smokin hot wife,1
wednesday  special mac and cheese  comfortfood e at local  lancasterpa foodie  bon appetit  munchies eat,1
fr 4 otw,1
sponsor me  lol  nj transit  apple applewatch  iphone  nike adidas reebok  lululemon  jansport diginn  vita coco  basic bye,1
mood,1
sac can og hi,1
barr hearing,1
barr hearing  barr must go,1
music,1
eddie vedder,1
may 1 pittstoplpc therapy lpc cpsc mac,1
google,1
soon they,1
go messiah  messiah wlax  messiah mlax  messiah wten,1
the voice,1
the flexcast,3
hoyas emu eagles mac,1
hoyas  cardinals mac,1
michael b jordan coach dreamitreal,1
deranged donald,1
honest hr podcast hr buddy  stateline crew  wisconsinite hr  honest hr hr podcasts h ron purpose,1
east view  spring camp txhsfb,1
the hustle,1
sarcasm,1
endgame,1
axe  chooper larp  my sca armor knight dagohir gameofthrones hmfws swords fullcontact,1
apple podcast,1
stop giving me so much credit,1
qlik emm  black berry byod  analytics financialservices noproblem  gartner mq  data viz i phone,1
full voicemail  glitch  spring landscape season,1
billie eilish  music  apple music,1
apple watch  applewatchseries3  april challenge,1
love this guy,1
progress,1
bakersfield csub  macand cheese fest  the runner news,1
apple  tesla  tesla fam,1
dumbchit,1
not okay  stoptrying iphone  facebook update,1
hai i state,1
beyonce  taylor swift  billboard music awards,1
barrel burners forever thecigarnewb barrelburners  burners mafia  barrel burners up barrelburnersfamily cigar cigars cigarsandwhiskey cigaroftheday,1
asu22,1
one plus 7 pro,1
super tuesday,2
american diabetes association  riding for a cure ants antstimelapse,1
facade podcast,1
reds  born to baseball,1
we will reign,1
quintano travels,1
leadership  women in stem bosslady,1
nabj tech trek nabj,1
ep  nothing to do town,1
hlgnlife bse fenni  listen to this  stream  purchase ogilla theuthmusic  apple  spotify  tidal,1
podcast  now playing  now streaming,1
sid r 10 podcast,1
brainstorming  health,1
amber guyger amberguyger,1
jag  harmand mac  harm returns jag revival,1
will iemacs keenenh  monadnock region  pubfood keene music scene  pubfare 603  gluten free  openmicnight  live music  patiodining  cinco de mayo,1
keepin it 100 wwe aew gcw  game of thrones  impact wrestling,1
subaru i phone,1
nfl draft qb  deshaun watson ny giants  bucs  bengals  raiders nfl twitter,1
can on montana  photography   gravel roads  prairie christian  montana moment  fjallraven  cabela s,1
bobw  billboard music awards m eon bbm as star my 600 lblife bt sx bbm as  drake  endgame  madonna  jonas brothers,1
messiah mlax  go messiah  messiah hotn,1
louisianimals  roll wave,1
anyone but trump 2020,1
rhony,1
udl chat,1
repost ice jonz ice,1
today at apple,1
asktwitter,1
made from scratch,1
forthe ladies  the foundation,1
swfl  golden apple,3
q bs  podcast today qb whisper  host talking nfl draft 2019  dwayne haskins  kyler murray,1
 7,1
 2  3  7  12  13  15  19  20  21  24,1
southern nats  great to work with  nitro bound,1
best camera you have is the one with you always,1
rap,1
pac softball  d3 softball,1
minority trailblazer,1
carly daily travel,1
new zealand rocks,1
apple battery case  game changer,1
art  technology  music business  insta good,1
galaxy s 10 i phone xr,1
apple podcasts,1
i tunes,1
 76 ersvs raptors nba playoffs,1
maui hawaii naturephotography flowers flowerstagram i phone xs max carnivalcruise carnivalsplendor choosefun travel cruiselife travel,1
evil  weird african parents only lmao hit straigh tto the old folks home,1
nabj tech trek,1
pizza of the month,1
untitled  nigger  farrakhan  akbar walks,1
untitled  nigger,1
gen1,1
yosemite  spring dogwood  dogwood flowers  nature  nature photography  flowers iphone  iphone photography,1
i spot tv,1
wwe raw sd live  wrestling community  podern family mitb,2
 17 days of prince,1
star wars day   galactic empire  hburgmade  star wars  jediknight huzzah,1
star wars day  kevynknox  galactic empire  hburgmade starwars  all things kevyn  jedi knights,1
springtime  hammock  ukulele,1
who got next,2
apple blossom festival,1
find that truck  ne rules,1
will iemacs keenenh  monadnock region  pubfood keene music scene  pubfare 603  gluten free   open mic night  livemusic  patio dining,1
sound cloud,3
go trans am  laguna seca,1
ball state 100  ball state grad,1
 1  moto america  virginia,1
nerules  beep beep tmobile,1
los angeles  rap hiphop  iphone  meme voice record  artist  beyonce drake  cardi b,1
solid sound 2019  north adams,1
nerules  t mobile,1
go knights,1
the steve freeman podcast,1
nhra,1
adventure  outdoors dreams  photography  app,2
huawei smartphone  china,1
after effects motion,1
zsboss zshq  brave winston rip,1
longl live trey mac,1
music  hip hop music artist,1
star wars day 2019,1
i phone iphoneography,1
apples throughout every years chemotherapy  tulsi lemon milk,1
southern nats  nitro bound  great to work with,1
swfl,1
hanginthere  mac gyver,1
celebrationof second chances,1
iphone  qonnection 2019  qlik responsive,1
thesundaymixupmashup iceboxintl dj 3 d  kolaiahbey,1
side of lipitor please,1
gay gayman  short shorts  sperry sperrystyle  forever 21 iphone  iphone x instagay  this is my hair  bro gaybro  gay male  man male dude  gay dude,1
he really is excited  thirdshotdrop dink,1
i love my dog  farmdog,1
barn parents rock  equestrian life  farmlife farm work is never done   john deere green,1
give parents control  save our pact,1
save our pact  give parents control,2
travellife  dont leave home without them,1
screen time   parental control,1
 2  moto america  virginia,1
rap newsingle i tunes blackau music,1
bbq,1
imsa  acura challenge,1
repost,2
j swain photo  smokeshow arsenic  sixty 6mag yumemag fit  fitness  tattoos ink maui  hawaii  beach summer  seattle photographer,1
star wars  revenge of the 5 th bcbpn  star wars day  podcast,1
don t try this at home,1
dallas i phone samsung cash sunday sundayfunday sundayservice carrolltontx planotx dallastexas,1
nature photography,1
shotoniphone i phone xs max,1
may the 4thbewithyou may the fourth be with you  may the force be with you  starwarsday  pikachu,1
blessed,1
til  to infinethy and beyond,1
aol dead,1
denver twitter  gameof thronesseason 8 episode 4,1
maga prolife kag 2020 nra  back the blue magaveteran maga kag 2020,1
biodiversity,1
avengers endgame  podcast,1
the bloom,1
pos  dont drive distracted,1
i osrocks,1
tlap db cchallenge,1
mobile wallet,1
two dudes same fantasy,1
 4 th and 1,1
trump   apple,1
sad story   sunday rest,1
yogurt 2020,1
teacher appreciation week,2
im cry,1
asug 2019,1
bare nature  monday motivation love monday,1
monday morning music,1
omnitrition omni  healthy food   healthy way of life  woe  healthy eating,1
mapmysound  free  audio recorder app app soundmapping soundrecorder voicerecorder audiorecorder soundeditor,1
teacher appreciation week apple,1
photography   maui sunset  maui kaanapali  vacation,1
nightlife,1
apple  ipad2018  samsung  tech business ipad  electronics  iphone8plus  fashion,1
how it feels in 5 words,1
time to fly,1
rgv edu chat,1
country songs  roses  old country songs   rough and rocky,1
a pchat,1
find my  apple tv  remote  remote app,1
seven seas food festival,1
ly bff,1
barca  liverpool  success train determination motivational,1
views from my cube,1
apple sap sapphirenow,1
air pods apple gadgets  music,1
timbre tuesday,1
c ab p afrobeat  future rootz records,1
you   iphone,1
phishing no tapplesupport iphone youllthankmelater,1
sapphire now,2
fellowship occupationaltherapy fo xcast ot,1
jemicy dyslexia  multi sensory   learning differences   experiential learning  edtech,1
ar machinelearning sapphirenow mobile ai,1
newmusicvideoalert linkinbio  xxl freshmen bde itunes youtube tidal apple,7
camp kamala  elect kamala  sign up  onlin community,1
happy teacher appreciation week,1
ecommerce  salesforce world tour,1
engelmansbakery  athena farms,1
augmented reality ar i phone sapphirenow  emerging technologies  virtual reality vr,1
b teezy yukon siri mac,1
sapphirenow qs csap rocketsontour,1
iltech 2019,1
sapphirenow,4
the best run sapphirenow,1
digitization  ar dabei  deutsche telekom  timcook  bill mcdermott   sapphire now,1
sapphirenow 2019 cxlive 19,1
apple sapphire sap ar sap,1
hoyas  huskies mac,1
newyork newjersey brooklyn nyc ny apple travel amazing iphone  2017 bestnine timeoutnewyork,1
salt life  highyield  spencer yachts h2ography  in the bite iphone kings_ transport s marlin magazine  bensboatporn  freedom thinkers  wanderlust  billfish foundation   outer banks,1
everyone can create,1
full of sass  cry baby,1
just a small town girl,1
healthy food progress food  healthy living bowmar,1
smoking  vaping videogame  educators,1
acadia national park  maine nationalpark  mountains  lake coast views  hiking  vsco vscocam  iphone,1
wake up,1
aesthetic   aesthetics  malemodel  photography  instagram model  mirror  portrait  iphone  jersey polishboy h and,1
double or nothing,1
eanes isd,1
teachers following teachers   teachers follow teachers,1
beauty marks,4
will iemacs keenenh,2
i phone  apple,1
wholesome  esports gaming  for tnite,1
swipe photographer  nature  orchard flowers  the great outdoors   instagram  iphone sunshine lin villa orchards,1
no filter,1
south carolina   podcasts  scpol sc2020,1
buy  sell trade repair  iphone repair  sicklerville  rowan university,1
atx weather,1
i explore chat,1
wefixit blono whybn  iphone repair,1
burritoedu playwithyourfood burritodemic burritozombies theburritowiththeironmask buriteoandjuliet theraleoftwoburitos  mac burrito tamingoftheburrito wutheringburritos,1
podcast  bbq,1
these guys saved my life,1
smartphone portable charger  mac book ipadpro  mac book air i phone  pixel  samsung,1
shining bright  farm her,1
podcast  wellness  mobility,1
cog,1
cooking for keeps   what s for dinner  soup macandcheese  tri old man,1
tim cook,1
audio junkeez  not welcome ft maleke one y btnrecordings  electronic music  edm djlife  club life   nightlife,1
summer  zillow swva  virginia perfect,1
race 4 hope benefit concert musicmatters  team for a cure,1
maine loves sip,1
machine learning ml technology sapphirenow  intelligent enterprise  artificial intelligence ai innovations cx ux,3
cruzer cruzer cruzer  triad boys  1000 days later,1
sketch  sketchbook draw  insta art,1
writer proofreading creativewriting blogging  socialmedia  holistic green amwriting wahm,1
mas bomb  good skill,1
sound hound,1
apple ed uchat,1
vz military mom,1
nest  google  works with nest,1
vz military mom i pad brandpartner,1
new music  rnb indierap  underground   unsigned hype  hiphop wavy maxb  south jersey,1
great,1
live under par  my life,1
macbook pro  launchkey25  beat maker  musicproducer  this is what ido studiolife nersh  quopro inertia  beat stars,1
gxc  buff pride,1
hoyas  broncos mac,1
wefixit blono whybn  get back to normal,1
oma hogs  this is baseball,1
philly  bbq,1
mets,1
data protection  data privacy gdpr  big data  google  android  google io  google pixel,1
the flexcast  kraving sweets,1
trump  donald trump  trump russia collusion gop  russian hacking  republicans  election fraud  cyber attack cybersecurity  cyber security  russia gop  trump putin puti ntrump 2020  putins nra  putins gop  treason,2
trump  donald trump  liar in chief  mueller report  obstruction of justice gop  republicans gop waron women  trumps gop  three million votes  impeach barr now  impeachment hearings now  impeach donald trump now  trump crime family  jarvanka  liar,2
nancy pelosi  pelosi  democrats  speakerofthe house  house speaker  houseof representatives  trump  donald trump  liar in chief  mueller report  trump crime family  impeach barr  impeachment hearings now  impeach trump gop,2
wrestling community  podern family raw sd live aew  jon moxley  goldberg,5
trump  donald trump  liar in chief  mueller report  barr contempt  trump toady  trump is a fraud  trump taxes  collusion  obstruction of justice  trump tax returns  trumps gop  trump derangement syndrome  impeach barr  impeach trump,2
earthday 2019 promise  lakeshore conservation,1
the varsity,1
hoyas  red hawks mac,1
pc acc sec big 10 mac  national champs  burn the boats,1
hoyas  zips mac,1
hoyas  rockets mac  lift off,1
fisheye  todayatapple  shot on iphone,2
fisheye,1
jcg jcgraphic artist  2 d  3 d conceptart characterdesign artistontumbler artistoninstagram graphicdesign gameart art originalcharacters orginalconcept designer editor apple,1
animation i pad highschool videos  1 to 1 edchat edtechchat edtech,1
georgia grown  jillsjam,1
u big i,1
nba  lebron  jordan  kevin durant  james harden nba twitter,1
clarksville ny obee dude,1
buddha s cup,1
beautymarks,1
dry,1
4stbartsbay,1
appleberrynana  repost,1
 2,4
daily goodie box,1
fwed chat,1
will iemacs keenenh  monadnock region  pub food,1
retro phone case   iphone case  brickphone  iphone accessories,1
jet life,1
dear me ten years ago,2
planet or plastic  expedition plastic,1
fargo parks i love fargo  neature fmgram,1
beautiful  new york city newyork accousticbass bassguitar  sadowskybass  sadowsky i phone i phone 6 s bass,1
in duiefilm  podcast,1
dogs of twitter,1
fish fry  chowdah slaw mac  homemade,1
the flexcast acl 2019,1
portrait mode  iphone  iphone photography,1
stamp out hunger  no one goes hungry  wilmington nc,1
att iphone 5g,1
fun fact friday,1
espn plus,1
trump idiot  idiot in chief liar  liar in chief eschewsfacts promises unfulfilledpromises jobs autoindustryjobs gm  general motors  lordstown  lordstown oh uaw  united auto workers  another trump fail us,2
samantha bee  ivanka  ivanka trump  jared  jared kushner  jarvanka spoiledrichwhitegirl ditzyrichwhitegirl outoftouchwith 99 percentof americans clueless  cher horowitz blondebimbo  trump,2
health care  health careresearch  health care studies racism institutionalracism racialdisparities racisminmedicineandmedicaltreatment opioidaddiction preventivemedsdispensedtomostlywhitepatients,2
obesity  rural  public health  food sdoh  nutrition,1
recording soundmapping mix appendaudio  map my sound free audiorecorderapp,1
mobile studio,1
gibb es street party  tecn effect,1
without mom jour 772 healthcomm,1
mindset   personal growth,1
 310,1
atlhoe,1
flame tree bbq,1
thats a winner  4  1  region xvi tournament,1
puddles pity party,1
nascar nascar cup  digital ally 400,1
comic draw,1
woodturning,1
champion dna builtdifferent teammac  shine bright wdw,1
mma ufc 237,1
 1  formula d  formula drift fdxv fdatl,1
pulled pork  mothersday  yummy,1
vodka,1
gop traitors gop hates women  steil care kills,1
the fast and furious,1
myasu,1
electronic music  dj  music  techno edm  house music  producer  dance  rave party djlife  house,1
puritan,1
apple iphone  brokahontas,1
free  iphonexrgiveaway  iphone  iphonex iphone10  iphone xs max giveaway  usa uk au,1
saturday morning  first lunch of the day,1
prime dibiasie mac dela rosa,1
iowa buffalo b is on  jesterpark nature  green,1
happy mothersday moms holiday,1
no  simple,1
iphone  android  artwork,1
phone charger  phonechargers  phone charger cable   gadgets,1
digital ally 400 nascar,1
irobot  tesla postmates  iphone  netflix spotify  youtube  amazon google  democracy,1
tart art  visit raleigh,1
it s all good,1
chef battle  steam k ribeye m eater gram,1
hd harley  harley davidson   harley davidson motorcycle   harley davidson motorcycles,1
nascar ngots  digital ally 250,1
mac winning lipstick,1
loyal customer,1
mothers day  traveltribe  best hubby ever,1
grateful   the little things,1
vanilla bean paste  dessert  dump cake,1
happy mothers day,1
i pad didntsetfiretoittho passwordproblems,1
juice   green,1
championship sunday  eyes on the prize,1
greedston otw,3
pepper   jalapeno  apple wine winery  chicken  foods foodie  food porn,1
hybrid studios pa kevins offer a yamahadrums vater drumsticks  vater5b,1
like mother likes on  mothersday  mother and son mothersday  jersey mom,1
mothers day,1
cast compliment,2
mom breakfast mothersday  sugarless sunday  raleigh dentist brunch,1
florida man,2
the love kline ction,1
climaxxx,1
nothing feels better than this,1
rich  chunky cheesy mac and cheese lover  harbourhouse  mothers day dinner,1
fyre ent  mic  rap  indiemusic independentartist heat  trap  real talk  studio  music musicians microphone bars,1
aint no shame in my mom game  golden in the car,1
 2  formula d  formula drift fdxv fdatl,1
weber kettle  bbq season is here  bbq vortexbbq,1
fireworks  joelleoj music  link in bio  musiclove newmusic  now playing  radio live  apple  life  hip hop,1
golden gate goldengatebridge sanfrancisco sf california sfo sky strait blue bridge bluehour landmark goldenhour iphone,1
school library  schoolisfun  kids are fun,1
monday memory  glens falls art tintypephotography familyheirlooms handmadephotos  19 thcentury,1
atreu 850 paradigm 850  facebook  spotify i tunes  applemusic  tidal  sound cloud  you tube,1
ripmac,1
schuyler ville  saratoga county  upstateny  oil painting  pleinairpainting  everyday life  rual farmlife farm industrial   pastoral,1
home kit  airplay 2,1
hoyas mac  lift off,1
national apple pie day boldrock,1
china  chinatrade war  be best  russia  russia  russia,1
portrait   portrait photographer   austin photographer   austin portrait photographer   location shoot  canon5d mark iii,1
keto lifestyle  ketodad keto approved   motivation  ketodiet ketosis ke to motivation  inspired  good,1
will iemacs keenenh  monadnock region,1
statues  chr music  tattered2018,1
strange food  applepie  caviar,1
bluegloveapproved pt 4 hmobile phonetech 4 hire  we fix androids,1
barber  payment  apple pay  swfl naples 239  haircut  hair mensgrooming  convenience   for you  forme booksy  appointments,1
national apple pie day,1
ncisla,4
hip,1
big tech,1
success mentality accomplishment apple android  gaugr  music intelligence  dont just like it gauge it  swipe dont type,1
diaries of joni and coyote,1
rip tim conway,1
apple amber alerts,1
 50 things to see with a telescope,1
i phone  whats app,1
wife material,1
wilke sfam club i wanna leave you  dogwood days,1
 50 things to see on the moon  moon,1
do what you love  weddings  wedding season  mitzvahdj  corporate dj  corporate events,1
right to repair  apple changes,1
usmc  i love jax onlyinduval  pronunciation matters,1
content,1
makeup addict   lipstick  motd makeuplover  anastasia beverly hills   makeup junkie,1
strawberries  local wine,1
vegan mac and cheese  vegansofig  vegan lifestyle   what vegans drink,1
cabinlife cabin cabinartquilter fullframe i phone daysaregettinglonger video,1
beon4,1
business after hours,1
pastors collective,1
soundenvironments  map my sound soundmapping soundscapes worldwide  map appendaudio,1
hip hop music rap  tuesday thoughts  tuesday morning tuesdaysefie,1
things i grew up on,1
appdevelopment i os,1
the voice  team legend,1
eagles,1
bachelorette,1
no rush,1
obummer  buckles,1
apple  national apple pie day sprinkles  apple pie day,1
 2019 pisc,1
what ever it takes,1
only in southern ohio,1
ipad procreate practicing  robsketcherman workshop studio mickeymouse painttube artstool tripod scotchtape,1
blono wefixit  get back to normal  blono whybn,1
kamen ski bryce,1
all elite wrestling  36,1
my healing journey   real plant medicine,1
pokemon,1
so yseli phonographer  photographer  nikon coolpix  apple  iphonex bookme  youtube r vlogger aries  mixed baby,1
you tube technology gaming  android apple  intel corsair  samsung galaxy s 10 plus gigabyte  youtuber followme,1
the john dunn an studio,1
autocorrect,1
i pad homebutton insurance uspsinsurancescam,1
recompense,1
jeep  jeep cherokee  trailhawk  granite crystal metallic  jeeplife jeeplove  apple  iphone iphonexsmax  no filter needed  matrix biolage  norton va woodbooger maneon park ave,1
becca  fenty mac katvond,1
today,1
rancho la mission  green apples,1
movie day,1
be good to yourself  keepingfit  staying in shape  stayingfocuss  staying alive   staying healthy  homemade manye1  carrot juice,1
so nya7iii sonygmaster  sony images  sony70200gm  sony alpha  sony portraits  toddler  puddle jumper,2
hoyas  golden flashes mac,1
un american,1
retreat  soulcare clergyc are,1
apple  apple music  apple tv  bills mafia,1
forgottenwoman forgottenman  promises made promises kept,1
hokies,1
architecture impei history urban creative,1
technology smartphone travel thruhike  10 essentials hike backpack apple samsung lg trails leavenotrace  so cal travels abc 7 eyewitness backpacker,1
 135,1
tbt  virginia nats  great to work with  nitro bound,1
cabal of reprobates,1
china  huawei  apple,1
get kauinyourcup  storage  seal fresh red  unique,1
android i os  androidvsi os,1
zazzle made,1
promises made promises kept,1
patriots,1
clarksville ny obeedude  love atreeday tree mobile,1
governmental  alabama abortion bill  iran  first to real time  yugyeom unbelievableoutnow  southern charm https,1
farm life  cali,1
potus,1
geocaching podcast,1
traffic driving i phone,1
shot on iphone,1
beauty and the beast,2
tim  apple inc _ appl,1
trump  donald j trump  donald trump  iran war us armed forces conflict gop  republicans hiddenagenda u sevactuation  baghdad  cory gardner  lindsey graham  democrats,2
wednesday thoughts,1
wrestling community  podern family wwe raw sd live mitb  money in the bank,3
conway nc  jackson nc  wayback when  im this old  im this old challenge  your beauty entertainer,1
juan plato captured it  jackson ms photographer,1
 266  sound cloud i tunes podernfamily  actor toocloseforcomfort addiction stitcher  author,1
mac talent deepheart,1
free britney spears,1
hoyas  falcons mac,1
hoyas  bobcats mac,1
healthy  apple  healthy snacks,1
health  pokemon go,1
liberalism is a mental disorder,1
spork,1
nyc  no sleep till brooklyn  gimmemytanback  summer is coming   stripes on stripes,1
op,1
special someone  new exercise routine ne rules mdcp,1
support independent music,1
apple store a littleridiculous,1
aladdin  mac  flying carpet  agrabah epl travel,1
nc,1
plant 19 noplant19  cattle,1
app  record  remix  edit  appendaudios i phone i pad i podtouch soundscapes environment world editaudios  map my sound,1
trump  drag race  team yvie,1
cali rado dream z,1
will iemacs keenenh  monadnock region  pubfood keene music scene  pubfare 603  gluten free  openmicnight  live music,1
svu,1
cheese   tillamook cheese factory  tillamook  not on weight watchers today,1
beach  sunset  happy hour  love beach ocean s and  sea  santa barbara  goleta  chase your dreams  iphone wine  walk  bacara pier  clouds,1
 4 th and 1  chiefs  name that chief  check the tweets,1
right to repair  libfeet jakemy verk ada,1
mac miller   thundercat,1
most dope,1
drums for cures,1
saturday  music applemusic applemusicplaylist saturdayvibes saturdaymood,1
awesome,1
friend  saturday everybody dog good,1
yoga life,1
itsatmojo  ruscellisat mojo nocover weekend  instagram bham,1
chh duval  podcast  christian rap,1
 26 years old,1
topbuzz,1
 34 degrees kellysjelly bluehavenbeecompany kellysjelly pimentocheese  marcella the cheesemonger cheese,1
utah  utahgram utahisrad  utah photographer  igutah visitutah  daddy daughter  rain iphonex apple  picture line  acme camera co,1
triple jump   track and field,1
biggie brunch,1
alpha lete,1
perfection,1
ipad applestore  factory reset   parenting,1
saturday   workout  health akfitt  personal trainer  10000steps  fitness trac jer fitbit iphone  better together   columbia sc,1
lead lap,1
state champions  go tiger hawks nfv pride,1
ad kmorning ad klife  7 month old  bradys girls ad kmom  peruana en usa ad klove  upstate ny ny  new york  new russia ny usa,1
think book lenovo  apple,1
charlottesville,1
appledabs  cannabis business adventuretime,1
women on boards,1
food porn   stedman part in the park,1
chicken parm,1
spring has sprung,1
food porn  foodie madronabar and grill  dungenesscrab mac and cheese,1
bloggers life,1
newyork newjersey brooklyn nyc ny apple travel amazing iphone  2017 bestnine timeoutnewyork just _ newyork loves _ nyc amazing city beauty nj travel,2
newyork  1 ny truth travel positivevibes inspirationalquotes motivation iphone goals money dream happy marketing businessideas blessed newjersey,1
bts misfitbabes ownit getnakedandtakephotoswithyourfriends,1
stop instant auto play,1
big mood goals  success mentality accomplishment apple android  gaugr  music intelligence  dont just like it gauge it  swipe dont type,1
emergent gamer,1
4k,1
q led,1
wahoo crabapple tree flowering beautiful pink apple fruit spring heat rain,1
newyork newjersey brooklyn nyc ny apple travel amazing iphone  2017 bestnine timeoutnewyork just _ newyork loves _ nyc amazing city beauty nj travel scenes,1
voms  im pact upmc headfirst,2
impact test,1
bourbon lens podcast podcasting,1
yerbaprima colonc are,1
apple music,2
pokemon go  adventure sync  niantic,1
big apple jiu jitsu 2019 lotusjiujitsuny,1
totally spoiled,1
kettering alter,1
i osdev ios apple mac  ruby,1
verizon,1
obviously,1
1 thelistareyouonit  foodie and the best show   designated drinker show,1
oyster man  clay and grover,1
galaxy s 10,1
godsgreatdancefloor  jesusislife,1
lovethissong feelssogood  now playing,1
edc,1
instagram  instagood iphone  iphone 7  iphone only,1
kenand grace daws,1
happy birthday  birthdaydog ronix  american brittany   brittany spaniel  hikingdogs hikeme  acadia national park  anp acadia dogs that hike  iphone,1
eye contact,1
egret  snowy egret  florida wildlife  wildlife  wildlife photography  beach  causeway  dunedin  tampa bay,1
bride  groom  wedding  man women dancing  dancing all night long  tylersport  pennsylvania   montgomery county pa usa pa iphone  shot on iphone xsmax fun memories  memories last a lifetime,3
zillow swva  virginia perfect dream,1
blono wefixit  get back to normal  iphonerepair  customer service,1
bronco   western michigan  zachterrell  undefeated  athletes podcast  nashville   kalamazoo  wmu broncos  football,1
logic pro x logic genius  genius black  blackgenius  apple  waves fabfilter  portland  maine texas dallas  las vegas  vegas melody  melodies  drums,1
2535 icffnyc2019  furniture design  icff,1
apple watch  chirp,1
apex legends battleroyale mobile iphone android videogames multiplayer,1
orlando  orlandomagazine  voted best burgers  lakecay edgewood  florida  burger happyhour  beth s burger bar,1
i am fat too,1
raising the barwick s,1
roseat 30,1
the dead dont die  the final episode  drogon  28 th amendment  iran  app store  apple  apple storedown  apple ed uchat,1
 27 daybreak,1
i phones,1
pitt stop lpc atltherapist  virtual therapy sessions   hipaa compliant  georgia lpc cpcs ma c therapy growth  healing,1
salt gasm,1
app store  apple store applesupport,1
app store  apple,1
apple i message  face time,1
devils slide trail  idyllwild  get outside  hikecalifornia  explore nature  selfcare cryherbals,1
pepperony  tiva jag,1
apple   game of thrones,1
technical difficulties,1
face time  iphone,1
ncisla jag,1
apple support  apple ios123,1
maga 2020,1
midwest  ope,1
apple chancellor kamenskibryce,1
mac does it is over party,1
apple  ios,1
video  fairy wip ipad weirdart,1
atl style,1
savings  app free coupon  vacation,1
apparently it s my birthday   birthday week  cheesycow  birthday,1
ks w x,1
epic,1
be es beesmakebigmacs  red headed honey   pollination,1
wmes mcdowell590,1
zipatone ipadpro  artists on instagram  comicart scifi  heroes,1
uganda ipod summit ug,1
indie  character  commission  ipadpro comicart  artists on instagram  scifi  villain,1
john wick  podcast  john wick 3  pop culture  film review,2
support huawei,1
birthday  gemini disney foxho lloe birthdaygirl  disney world  disneyears iphone  shot on an iphone  iphone8plus apple  disney life   disney photography   wedding photography,1
limited  keanu reeves  beyonce kuwtk snapchat bbc  tom hanks billgates  apple ibm ib mwatson ibmcloud ibmsecuritysummit,1
edm lifestyle s edm clothing  macmerch ajmac edm life,1
edm lifestyle  edmclothing get midnight apparel  ajmac,1
shotoniphonex time i phone lighting twitterforiphone,1
forgottenwoman forgottenman  keep america great,1
pure romance,1
food for thought,1
corus  tofino  your tofino cheflife foodie ocean surf broadcaster t vlife,1
wwdc 19  apple i os 13 i phone i pad i os,1
chicken  keepinitcrispy  quality matters  sauceboss  lost in the sauce  wingology 100 royal flavors  wingterps cbd infusion  americasfirst  love peace and chicken grease,1
go blue,1
will iemacs keenenh  monadnock region  pubfood keene music scene  pubfare 603  gluten free   open mic night  livemusic  patio dining  dollartacos  happy hour,3
vybe and relax,1
drawing happy happy indie comics comicart clipstudiopaint ipadpro artistsoninstagram,1
apple watch  med tech,1
our notes,1
docs game too,1
bessemer city central,1
apple investments gdp  hungary  vietnam  iraq,1
big apple cup,1
more about my 50 th birthday,1
snrtg,1
dass electing  secretary of state this,1
copycat,1
pixel i phone,1
janelle s treasures  coffee  caramel apple   yumminess,1
north carolina  apple  wilmington ilm xxx,1
beasley s orchard   apple cider slushy,1
huawei  apple  china,1
apple  fail microsoft  windows,1
empire   entrepreneur,1
hgl tour  hidden gems live hgl  tour done  5 aday grannysmith  leki,1
slow motion  videography  blossoms  pink pinkflower  pink blossom  apple pinktree  wind y vt vermont spring  my video,1
d roid i phone ganggang,1
kentuckyhorsepark  lexington ky photos horses,1
ejuice,1
201 seaport  first service residential,1
bigbeltsforthebigboss,1
andersonferry towboat towboatin towboatlife blackandwhite bnwphotography  bnw igerscincinnati cincygram ohiogram lovecincy capturecincinnati ohiogram,1
tcbs thunderbirds i movie  apple teacher  teacher life  fieldday  field day 2018 dj6killer  end of the year bash,1
fireworks joelleoj music linkinbio musiclove newmusic nowplaying radio live apple life hiphop artist musicartist music,1
immortality delicious,1
m a,2
smmrwknd19,1
napoleon  north dakota doinitright applerush sparklingjuice tastetherush apple pomegranate blackcherry non gmo alternativetosoda,1
new york city sunset,1
sycamore brewing,1
baccalaureate,1
nba playoffs,1
goals  dreams  the steve freeman podcast,1
onlygotdope  pedia sorrowtrap  sound cloud i tunes  spotify np newmuisc rap hiphop thrasher undergroundhiphop,2
boombox brock mitb raw sd live wwe  wrestling community  podern family  247 title,1
bare nature  thirsty thursday,1
liars,1
milwaukee  bucks  bango  change my mind  break from drake  milwaukee bucks nb aplayoffs,1
catfish jake,1
out my plane window amateurphotography  thursday throwback,1
apple  swift  everyone can code,1
never forget  thoughts and prayers  thats why they closed,1
audio recorder  audio editor  audio mixer  audio visualization  sound mapping app  map my sound free soundrecorder audioediting soundmapping,1
share mo edu  trivia thursday ssdpride warriorscreate,1
apple charging cables,1
salty army,1
tim cook  apple s watch,1
apple  orchard springtime  blossom  cider ciderapples  grimes golden,1
pomona graduation  pomona area podcast,1
cheap  deals limited  keanu reeves  elizabeth hurley jodiefoster snapchat  tom hanks billgates  apple ibm ib mwatson sethrogen ai,1
iphone  instagram down,1
fyre ent  mic  rap  indiemusic independentartist heat  trap  real talk  studio  music musicians microphone bars  swag  hiphop realrap straightdrop,1
coaches stay fit,1
repost itunes spotify tidal,1
isla verde beach,1
repost itunes spotify tidal listen artist,1
shot on iphone   yellowstone pledge,1
massapequa longislandmoldguy,1
perks eat nh eatlocal smokedmeat doesthismean imadeit,1
boss daydrinking  day drinking is ok when you are camping   spicy  potrerowar2019 isi t even camping if theres no chand lier,1
click link in bio  flashback fridays,1
faux news,1
new york  brooklyn bridge  travel  wanderlust ny  iphone  portrait  rainy day  brooklyn cute explore travelgram travelbug photography vacation,1
playlist by me,1
designated drinker show,1
straight yankee kill a,1
bistro plates  yum mounttremper  catskill rose,1
lhsculinary  why ledyard schools,1
de,1
ltl,1
apple sale  granny smith  washington state apples,1
bang bang,1
coca cola 600,1
sandhills machine  the machine  the machin eway  do work  do it 4 the youth  life lessons  we all we got  lights out  moore county  hoke county  lee county  cumberland county  sandhills  the sandhills basketball travelbball,1
finished with fat  my time,1
no sleep,1
arvrinedu xrlap vr podcast,1
mac jagger  horse first,1
chef rang o commonwealthchefs  wolfeboro,1
tommy bahama,1
pink snakes wip love color snake ipad autodesksketchbook,1
the in between  ginesse,1
shame  shame  shame,1
breathe  my bias,1
apple  ipadpro  apple pencil,1
funniness  lol smirk  cute,1
trump temper tantrum  baby trumps  trump baby handlers  impeach trump  deranged donald,1
our potus wow maga kag,1
celebrities  lukecrywalker  trump  smartphones apple  windows  google  youtube,1
lucas oil  ama,1
congratulations,1
harrisburg arts harrisburgpa  harrisburg midtown arts center,1
gypsy,1
dont judge me,1
happy hour  cocktail  white russian   portrait mode  iphone poconofarms,1
aew  doube or nothing  pro wrestling ae won tnt  wrestling community  podern family,1
brewery ommegang  21st anniversary ale,1
business boomin,1
i os,1
graduation   balloons,1
makingcomics  digital inking ink comics comicpoem ipad procreate digitaldrawing establishingshot cartooning cartoon poem  comic poem,1
iowa  thisis iowa  farmers market,1
slow down  lookout  be careful,1
full on vacation mode,1
lunch onthehill,1
help  science computer  thank you  tech  thoughts that keep me up at night  pc mac,1
evergreen,1
madrid nm  turnip greens and tortillas,1
newmusicvideoalert linkinbio  xxl freshmen bde itunes youtube tidal apple motivation movie guttasquad,3
portrait mode  iphone poconofarms  mount pocono tobyhanna  scenic photography,1
bourbon lens  bourbon  bottledinbond,1
k appa im igh th av eap roblem w tf a ppl et ec hs upport i pad b ons 1,1
fc most creative  earths call,1
best day ever,1
trending,1
the in between  ginesse  team cait,1
jeep,1
thats wy  go goshen writersofwyoming  trees treesofinstagram writing amwriting amwritingfantasy,1
tammy nalltillett  tillettville beauty linkinbio honeyblossom honeysuckle spring fragrance avonhoneyblossom businesswoman avonscents,1
selena ma ccollection selena mac collection,1
bruce wayne thachef cheftravels  food porn  chefsof instagram  atlfoodie  food photography  foodie  true cook s chef atlfoodie atl chef cook cooking  insta good,1
classic rock,1
s s chat,1
apple pie  tennessee  food adventures,1
team pete  pete 2020,1
maine,1
period,1
cx,1
bruce wayne thachef cheftravels  food porn,1
fermented foods   interesting story,1
mac book  apple datarecovery,1
followers analyzer,1
aladdin  game of thrones  florida man  stranger things,1
can t hurt me  nike nikerun  running  run sunday  sunday funday  teamdadbod may  beats   beatsbydre  beatspro apple  apple watch,1
frustrated,1
jon snow,1
team pete  pete for america,1
trapeze  big apple circus,1
love it,1
fresh   apple,1
sigh  apple envy,1
boymom  foodie in the making,1
summer   memorial weekend  sightseeing  michigan  michiganapples  dandelion,1
 44,1
wwdc 19  excited  apple,1
disney wilderness lodge  wdw  walt disney world  wdw imagine s wdw disneygrub  disney world  disneyfood  disney food ie disneygram  cupcakes,1
spotify,1
never forget  promises made promises kept forgottenwoman forgottenman,1
boom splashmonster sierramac paddlelikea g,1
church planter,1
no filter  jeep  jeep cherokee  trailhawk  granite crystal metallic  jeeplife jeeplove  apple  iphone iphonexsmax  no filter needed  matrix biolage  norton va woodbooger maneon park ave,1
u o winner  win play game  giveaway  raffle prize gift  games,1
dateline,1
snickers,1
sierra mac  yosemite  class5 optoutside  tuolumne river,1
remember the fallen quoteoftheday  monday morning  never forget bolder boulder  honorthe fallen breaking  brexit party adventuretime,1
salute to the fallen soldiers,1
makingcomics  digital inking ink comics comicpoem ipad procreate digitaldrawing establishingshot cartooning cartoon poem,1
it s the lil things,1
2b1ask1 addiction  afterlife  amreading  vote,1
game lit  the pacific earth quake 贸易战 美中关系,1
home farm  alpinefarm orchard  cidre mousse ux lagaragista farm and garden,1
boiling,1
vote denialists,1
trump mondaythoughts  honor them nufc tuesday selfie women  murph challenge ep 2019 ai alzheimersdisease  animal kingdom  apple at lvs stl  any way you spin it atl carnival,1
leader,1
bridal party,1
bridal party feyonce fiancee heproposed,1
insta good  photooftheday me  pic of the day  instadaily  friends  summer  attitude  smile instalike  insta mood  art style  iphone photography  iphone  photography,1
bills mafia,1
packing,1
world  map my sound soundmap audioeditor recording editing mixing  apple store,1
resist,1
i phone battery,1
memories i phone riverdogs cubs family boymom takemeouttotheballgame littleplayer ballin,1
bde,1
liga mx final,1
home view sunset green iphone photo charlottecountyva nationalpark love va virginia virginialiving,1
dunne cup,1
straight talk wireless ad,1
drive time  fired up,1
instagram  instagood iphone  iphone 7  iphone photography  iphoneonly  mobile photography,1
national hamburger day  the more you know analytics burgers  hamburger day  ham on  tuesday thoughts  trivia tuesday,1
newyork  1 ny truth travel positivevibes rhodeisland inspirationalquotes motivation iphone goals money dream happy marketing boston businessideas blessed,1
sim tmobilecares  unlock me,1
vermont snacks,1
spring  summer flower  fruit,1
twosday  sister,1
national hamburger day,1
 275,1
bernie mac  2019 ambassador  seniordogs tuesday  rescue senior dogs,1
granberry appleale apple cranberry indiecraftbeer,1
classify _ hashtags  golden _ delicious _ apple  green _ apple  granny _ smith _ apple greenapple apple siantarkuliner khassiantar stemcell glucola asamhyaluronat collagen glucellaasli,1
ok state,1
rocknroll wedding  thedyes  blood shot records,1
hpx life,1
space be cray,1
33 shavingbrush  applewood  wetshaving  badger brush  rhodymade  fathers day gifts   made in new england,1
iphone video mississippi flintunityfarmingproject gardening hbcu fearthebrave,1
the bachelorettte  tornado brockparty  sweepstakes  chernobyl hbo knjmonday  red state blue state bitcoin  stanley cup final,1
humor  lol grin  humorous,1
julian  julian pie company applepie americanpie roadtrip,1
apple music  apple,1
white lies podcast,1
obx,1
true cooks grubdealer  get it how you live   grill life,1
pixel 3 a iphone,1
apple watch   questions for siri hru today,1
natural selection,1
peacemakers  keeping the peace,1
jetsetter  cwcb cfnmedia  journalist life   cannabis industry  weedwritersofig,1
wheres waldo  ilovemydog  rescue dogs rule  farm life,1
smoking  vaping  video game  educators  serious games,1
goat,1
clean eating,1
apple  mac bs business  iphone,1
new york nyc  brooklyn  manhattan  cinematography i phone cinematography  slo mo,1
genius,1
success mentality accomplishment apple android  gaugr  music intelligence  dont just like it gauge it  swipe dont type  the social music network  wheremusiclives,1
medtwitter oldlady thefilesareinthecomputer  wednesday thoughts,1
we lead,1
i os yogaeveryday honoryoga  subscription learning  wellness wednesday healthylifestyle,1
hunters thompson  photos pictures  desert sunset  iphonepics  storm chasers   pics,1
boston   nashville  music sober hockey  beer  pageant brunette  podcast,1
pixel 4 applebitz sadapple,1
jeopardy tornadowarning  songland  kamala harris town hall  fosse verdon fx bitcoin mowx  wednesday morning,1
mentalhealth applepodcasts  trauma  psychologist podcast,1
poll,1
american,1
car play this is fine,1
national burger day,1
dis is independentartist bookjimmylee tsetopshelfentertainment rapper preventativemusicgroup rap hiphop itunes apple applemusic greatest underrated,1
cantdialinnow wow whatgives apple,1
mac and cheese pizza,1
civicsisback ho rimpeachmentpower,1
travel traveltribe  thursday thoughts  throwback thursdays travelpics,1
dr leppard at prov  dr sutton at prov,1
podcasters athleteinsight podcastlife,1
hoos where,1
nba finals,1
apple music  playlist  chump selects,1
aew do n aew  wrestling community  podern family wwe raw sd live,1
nba finals 2019 nba talk nba twitter  raptors  warriors,1
music  thursday motivation,1
sschat  history teacher  twitterstorians k12,1
da crib  artists to watch  apple music  link in bio  miami  dade county  lil haiti  305,1
emergency  buttons sugars ma,1
rip mac,1
audioanalyzer spectrogramapp  map my sound  sound analyzer app smartphone environment environmentalnoises spectrogram d banalysis,1
orioles,1
 42,1
pollys thyme,1
lean all in my bladder  bullriding and boobies,1
apple rock crome thesearerocks rockart gardenart gardendecor illustrator illustration art artist sustainableartist sustainabledesigner mindfulart mindfuldesign original unique style,1
rtk 2019,1
workout yeah ineedto,1
procreate  digital  digital art  art ink sketch  doodle  drawing sketchbook  illustration  おやすみ coffee  graphic   graphic design  design paperlike  ocean  sea blue crab  apple,1
robin hood,1
k1phone  iphone,1
food travel chat,5
chh musicbiz  music business musicians rap,1
pug bear wip ipad  autodesk sketchbook,1
